CREATE TABLE admin(
	login VARCHAR(255) NOT NULL,
	motDePasse VARCHAR(255)
);

INSERT INTO admin VALUES ('admin.go@mail.ot','d033e22ae348aeb5660fc2140aec35850c4da997');

CREATE TABLE client(
	idClient VARCHAR(255) PRIMARY KEY NOT NULL,
	nom VARCHAR(255) NOT NULL,
	prenom VARCHAR(255),
	mail VARCHAR(255),
	motDePasse VARCHAR(255)
);

INSERT INTO client VALUES ('CLT001','jaheem','harris','jaheem@gmail.com','8400a535a7dcdcd340da1fe9b5b74844022dae34'),('CLT002','soma','yukihira','soma@yahoo.fr','3411e1527f87a4453f5c00400f625e2db5a6c987');


CREATE TABLE compagnie(
	idCompagnie VARCHAR(255) PRIMARY KEY NOT NULL,
	nomCompagnie VARCHAR(255)
);

INSERT INTO compagnie VALUES ('CMP001','Eurostar'),('CMP002','Thello'),('CMP003','TER'),('CMP004','Intercités'),('CMP005','Ouigo'),('CMP006','Thalys'),('CMP007','Renfe-SNCF'),('CMP008','TGV');

CREATE TABLE ville(
	idVille VARCHAR(255) PRIMARY KEY NOT NULL,
	nom VARCHAR(255)
);

INSERT INTO ville VALUES ('VIL001','Paris'),('VIL002','Rennes'),('VIL003','Lyon'),('VIL004','Marseille'),('VIL005','Madrid'),('VIL006','Londres'),('VIL007','Rome'),('VIL008','Turin'),('VIL009','Barcelone'),('VIL010','Toulouse'),('VIL011','Bruxelles'),('VIL012','Manchester'),('VIL013','Milan'),('VIL014','Bordeaux'),('VIL015','Nice'),('VIL645','Doo'),('VIL683','Nantes'),('VIL950','blabla');

CREATE TABLE train(
	idTrain VARCHAR(255) PRIMARY KEY NOT NULL,
	idCompagnie VARCHAR(255) NOT NULL,
	numero VARCHAR(255),
	nombreDePlaces INT,
	FOREIGN KEY (idCompagnie) REFERENCES compagnie(idCompagnie)
);

INSERT INTO train VALUES ('TRN001','CMP001','8902',320),('TRN0013','CMP005','0320120',300),('TRN0014','CMP005','1209039',300),('TRN0015','CMP005','0437923',300),('TRN0016','CMP006','3144',370),('TRN0017','CMP006','3857',370),('TRN0018','CMP006','3478',370),('TRN0019','CMP007','48638',240),('TRN002','CMP001','7864',350),('TRN0020','CMP007','23894',240),('TRN0021','CMP007','34534',240),('TRN0022','CMP008','7463753',380),('TRN0023','CMP008','4088370',320),('TRN0024','CMP008','7378984',320),('TRN003','CMP001','9046',290),('TRN004','CMP002','0879',430),('TRN005','CMP002','1489',280),('TRN006','CMP002','0437',300),('TRN007','CMP003','734379',325),('TRN008','CMP003','897584',325),('TRN009','CMP003','343556',350),('TRN010','CMP004','47369',200),('TRN011','CMP004','34355',200),('TRN012','CMP004','78385',200),('TRN183','CMP001','787980',244);


CREATE TABLE trajet(
	idTrajet VARCHAR(255) PRIMARY KEY NOT NULL,
	idVilleDepart VARCHAR(255) NOT NULL,
	idVilleDestination VARCHAR(255) NOT NULL,
	distance DECIMAL,
	FOREIGN KEY (idVilleDepart) REFERENCES ville(idVille),
	FOREIGN KEY (idVilleDestination) REFERENCES ville(idVille)
);

INSERT INTO trajet VALUES ('TRJ001','VIL001','VIL002',329),('TRJ002','VIL002','VIL001',329),('TRJ003','VIL001','VIL003',391),('TRJ004','VIL003','VIL001',391),('TRJ005','VIL001','VIL004',660),('TRJ006','VIL004','VIL001',660),('TRJ007','VIL001','VIL005',1052),('TRJ008','VIL005','VIL001',1052),('TRJ009','VIL001','VIL006',360),('TRJ010','VIL006','VIL001',360),('TRJ011','VIL001','VIL007',1110),('TRJ012','VIL007','VIL001',1110),('TRJ013','VIL001','VIL008',583),('TRJ014','VIL008','VIL001',583),('TRJ015','VIL001','VIL009',831),('TRJ016','VIL009','VIL001',831),('TRJ017','VIL001','VIL010',588),('TRJ018','VIL010','VIL001',588),('TRJ019','VIL001','VIL011',264),('TRJ020','VIL011','VIL001',264),('TRJ021','VIL001','VIL012',606),('TRJ022','VIL012','VIL001',606),('TRJ023','VIL001','VIL013',639),('TRJ024','VIL013','VIL001',639),('TRJ025','VIL001','VIL014',499),('TRJ026','VIL014','VIL001',499),('TRJ027','VIL001','VIL015',687),('TRJ028','VIL015','VIL001',687);

CREATE TABLE horraireTrain(
);

CREATE TABLE voyage(

);